3532136658457265,Eddy Gabbatt,76,M,egabbatt0,Ruma,0,4041598896611,27,egabbatt0,1Q9qs32GLMEhmCuKCzRepyYRFuGUZtcrXW,Duis aliquam convallis nunc. Proin at turpis a pede posuere nonummy. Integer non velit.,7963628710,egabbatt0@nifty.com
5048376306090355,Raynard Lardnar,64,M,rlardnar1,Phra Nakhon Si Ayutthaya,0,3552233737668734,6,rlardnar1,1PrQmo8AJibPL8cii4VnkrnmqK4vdHs9zE,"Proin eu mi. Nulla ac enim. In tempor, turpis nec euismod scelerisque, quam turpis adipiscing lorem, vitae mattis nibh ligula nec sem.",6233028199,rlardnar1@princeton.edu
374288789468559,Aimil Freddi,60,F,afreddi2,Bangshipu,0,3560432158967407,24,afreddi2,17mKYva6BXXvtpvrC2QVYoiekhhqCFTvxd,"Maecenas tristique, est et tempus semper, est quam pharetra magna, ac consequat metus sapien ut nunc. Vestibulum ante ipsum primis in faucibus orci luctus et ultrices posuere cubilia Curae; Mauris viverra diam vitae quam. Suspendisse potenti.",7597271736,afreddi2@storify.com
5018318197814689,Stanislaw McGilroy,82,M,smcgilroy3,Grojec,1,30039997657582,32,smcgilroy3,1J2qWh1qYAfTyfhQJ9MbFMpFR1MCFjojs4,Aenean lectus. Pellentesque eget nunc. Donec quis orci eget orci vehicula condimentum.,4145259169,smcgilroy3@answers.com
6331106967836638,Dolly Fellgatt,15,F,dfellgatt4,Aban,0,6393264109372742,32,dfellgatt4,1NnWX7qrWiUCi6t3tyfMiSZFM2gG2fMgsM,"Aenean fermentum. Donec ut mauris eget massa tempor convallis. Nulla neque libero, convallis eget, eleifend luctus, ultricies eu, nibh.",2302080498,dfellgatt4@state.gov
6304749250594746,Rurik Moncur,21,M,rmoncur5,Niutang,0,3574858183399568,22,rmoncur5,14oeNuyMbE3XL9qZTHtLDFbA1wXzvvFAf8,Nullam porttitor lacus at turpis. Donec posuere metus vitae ipsum. Aliquam non mauris.,7755940927,rmoncur5@tuttocitta.it
4936758628016526389,Meg Persse,83,F,mpersse6,Ciulu,1,3560881456392280,19,mpersse6,17JH3WVNxyqsgy3bWjTCry7oJyhCppAdMK,Nullam porttitor lacus at turpis. Donec posuere metus vitae ipsum. Aliquam non mauris.,3039512916,mpersse6@discuz.net
6396990861343151,Candis Santen,21,F,csanten7,Krasyliv,1,5491170896140809,42,csanten7,1LD9CzPAkd2p46YehMrnJdjr6YDxdb5iiK,"Aenean fermentum. Donec ut mauris eget massa tempor convallis. Nulla neque libero, convallis eget, eleifend luctus, ultricies eu, nibh.",8098387479,csanten7@icio.us
5610972752371865,Carlin Hayle,97,F,chayle8,Masty,0,3528748372882937,28,chayle8,1Kgy9aMseo4hoCqD5e2rtkUg7nooten8Ki,"Mauris enim leo, rhoncus sed, vestibulum sit amet, cursus id, turpis. Integer aliquet, massa id lobortis convallis, tortor risus dapibus augue, vel accumsan tellus nisi eu orci. Mauris lacinia sapien quis libero.",9739261147,chayle8@yahoo.com
4026910789783752,Gerry Rawsthorn,81,F,grawsthorn9,Pinaring,1,3532198162692290,25,grawsthorn9,1J3Qr1tE6zyCQFeqW8b5pZNBQwDAh9U7j8,"Maecenas leo odio, condimentum id, luctus nec, molestie sed, justo. Pellentesque viverra pede ac diam. Cras pellentesque volutpat dui.",8186079798,grawsthorn9@naver.com
675948989949873754,Teodor Blackborne,20,M,tblackbornea,Singojuruh,1,3553933981067702,49,tblackbornea,1GiUZJjQi74Fpci1mXAL3CtmBLWUTwzBLV,Etiam vel augue. Vestibulum rutrum rutrum neque. Aenean auctor gravida sem.,1652733191,tblackbornea@mapquest.com
30118817389327,Samson McKennan,86,M,smckennanb,Maikawada,1,4936999762155590,1,smckennanb,12nfuFadJKKrpt42izVPZMqcwGnhAHtrj3,"Proin interdum mauris non ligula pellentesque ultrices. Phasellus id sapien in sapien iaculis congue. Vivamus metus arcu, adipiscing molestie, hendrerit at, vulputate vitae, nisl.",3967000756,smckennanb@unblog.fr
3541068424848056,Garland Cordelle,89,F,gcordellec,Pangatikan,0,06040600271914067,38,gcordellec,13unx46451dQCDN7p6fXmw3hB68tC6HbxL,Nullam porttitor lacus at turpis. Donec posuere metus vitae ipsum. Aliquam non mauris.,7283098837,gcordellec@google.nl
3547089765395246,Farr todor,63,M,ftodord,Diaoling,0,341287780128501,25,ftodord,1FJkLQPkcnRy1fdBgNMcCsxg8jSjAopr5C,"Morbi non lectus. Aliquam sit amet diam in magna bibendum imperdiet. Nullam orci pede, venenatis non, sodales sed, tincidunt eu, felis.",9158849634,ftodord@parallels.com
30470266504413,Wayne Wainscoat,41,M,wwainscoate,Purral,0,4936061492697498620,37,wwainscoate,1PveRSpGu73ZhULHf3Da49ECRb44RqXGU1,"Maecenas leo odio, condimentum id, luctus nec, molestie sed, justo. Pellentesque viverra pede ac diam. Cras pellentesque volutpat dui.",4077382481,wwainscoate@webmd.com
5100175043500626,Donny Jobb,9,M,djobbf,Blantyre,1,5602234782842863317,21,djobbf,12i32ph9LZfpfpPfVaKcGf3zXht75PLJqn,"Proin leo odio, porttitor id, consequat in, consequat ut, nulla. Sed accumsan felis. Ut at dolor quis odio consequat varius.",4611685145,djobbf@mit.edu
3561256717740693,Waverley Elsy,72,M,welsyg,Broniszewice,0,3539172740936357,16,welsyg,1AoBht2NUtPNUuUt9hkZbktHmXFKvEjy4q,"Proin interdum mauris non ligula pellentesque ultrices. Phasellus id sapien in sapien iaculis congue. Vivamus metus arcu, adipiscing molestie, hendrerit at, vulputate vitae, nisl.",3195095743,welsyg@ucsd.edu
3562714627573181,Philly Telega,18,F,ptelegah,Kudus,0,5109141946941805,38,ptelegah,1MhE6m9WUDFyqu1ckpWqnEvDcov38XMPe9,"Lorem ipsum dolor sit amet, consectetuer adipiscing elit. Proin risus. Praesent lectus.",6003281056,ptelegah@livejournal.com
3547378045777095,Eddie Spary,69,F,esparyi,Yl√§ne,1,5020669219703335779,47,esparyi,1PkSjpBozjRLEJw8gwQ7e34ixEneyXXNyt,Integer tincidunt ante vel ipsum. Praesent blandit lacinia erat. Vestibulum sed magna at nunc commodo placerat.,2503842456,esparyi@1688.com
0604113897117112617,Sinclare MacCartan,53,M,smaccartanj,Kotel,0,374622569225237,1,smaccartanj,159Rhg8kzH7pqRShAj35rUjffLi6GkJNa4,"Curabitur gravida nisi at nibh. In hac habitasse platea dictumst. Aliquam augue quam, sollicitudin vitae, consectetuer eget, rutrum at, lorem.",5166251326,smaccartanj@surveymonkey.com
